{
  "simulation_time": 3600.0,
  "vehicle_count": 1000,
  "completed_trips": 1000,
  "active_vehicles": 0,
  "waiting_vehicles": 0,
  "avg_travel_time": 2.8428668074603456,
  "avg_waiting_time": 0.0,
  "throughput": 1000,
  "stats": {
    "avg_travel_time": [
      [
        60.0,
        3.106112664011708
      ],
      [
        120.0,
        3.357407161964689
      ],
      [
        180.0,
        3.019142904697386
      ],
      [
        240.0,
        2.8075369287560257
      ],
      [
        300.0,
        2.773050126651579
      ],
      [
        360.0,
        2.858271330686835
      ],
      [
        420.0,
        2.8765992813612704
      ],
      [
        480.0,
        2.9260456994956847
      ],
      [
        540.0,
        2.8701938741650714
      ],
      [
        600.0,
        2.8614707692584895
      ],
      [
        660.0,
        2.872228844859026
      ],
      [
        720.0,
        2.90640466732545
      ],
      [
        780.0,
        2.886543555307481
      ],
      [
        840.0,
        2.903471055556937
      ],
      [
        900.0,
        2.856030182897934
      ],
      [
        960.0,
        2.8632684550481433
      ],
      [
        1020.0,
        2.8587372769865635
      ],
      [
        1080.0,
        2.8557334847316884
      ],
      [
        1140.0,
        2.862648185477679
      ],
      [
        1200.0,
        2.8625611960274893
      ],
      [
        1260.0,
        2.8549995605960623
      ],
      [
        1320.0,
        2.857906528987549
      ],
      [
        1380.0,
        2.85953902116611
      ],
      [
        1440.0,
        2.8596098114443333
      ],
      [
        1500.0,
        2.8556469536675007
      ],
      [
        1560.0,
        2.8571702240918535
      ],
      [
        1620.0,
        2.853427703961598
      ],
      [
        1680.0,
        2.8540291607698363
      ],
      [
        1740.0,
        2.853793047680703
      ],
      [
        1800.0,
        2.8403968587108372
      ],
      [
        1860.0,
        2.8428668074603456
      ],
      [
        1920.0,
        2.8428668074603456
      ],
      [
        1980.0,
        2.8428668074603456
      ],
      [
        2040.0,
        2.8428668074603456
      ],
      [
        2100.0,
        2.8428668074603456
      ],
      [
        2160.0,
        2.8428668074603456
      ],
      [
        2220.0,
        2.8428668074603456
      ],
      [
        2280.0,
        2.8428668074603456
      ],
      [
        2340.0,
        2.8428668074603456
      ],
      [
        2400.0,
        2.8428668074603456
      ],
      [
        2460.0,
        2.8428668074603456
      ],
      [
        2520.0,
        2.8428668074603456
      ],
      [
        2580.0,
        2.8428668074603456
      ],
      [
        2640.0,
        2.8428668074603456
      ],
      [
        2700.0,
        2.8428668074603456
      ],
      [
        2760.0,
        2.8428668074603456
      ],
      [
        2820.0,
        2.8428668074603456
      ],
      [
        2880.0,
        2.8428668074603456
      ],
      [
        2940.0,
        2.8428668074603456
      ],
      [
        3000.0,
        2.8428668074603456
      ],
      [
        3060.0,
        2.8428668074603456
      ],
      [
        3120.0,
        2.8428668074603456
      ],
      [
        3180.0,
        2.8428668074603456
      ],
      [
        3240.0,
        2.8428668074603456
      ],
      [
        3300.0,
        2.8428668074603456
      ],
      [
        3360.0,
        2.8428668074603456
      ],
      [
        3420.0,
        2.8428668074603456
      ],
      [
        3480.0,
        2.8428668074603456
      ],
      [
        3540.0,
        2.8428668074603456
      ]
    ],
    "avg_waiting_time": [
      [
        60.0,
        0.0
      ],
      [
        120.0,
        0.0
      ],
      [
        180.0,
        0.0
      ],
      [
        240.0,
        0.0
      ],
      [
        300.0,
        0.0
      ],
      [
        360.0,
        0.0
      ],
      [
        480.0,
        0.0
      ],
      [
        540.0,
        0.0
      ],
      [
        600.0,
        0.0
      ],
      [
        660.0,
        0.0
      ],
      [
        720.0,
        0.0
      ],
      [
        780.0,
        0.0
      ],
      [
        900.0,
        0.0
      ],
      [
        960.0,
        0.0
      ],
      [
        1020.0,
        0.0
      ],
      [
        1080.0,
        0.0
      ],
      [
        1140.0,
        0.0
      ],
      [
        1200.0,
        0.0
      ],
      [
        1260.0,
        0.0
      ],
      [
        1380.0,
        0.0
      ],
      [
        1440.0,
        0.0
      ],
      [
        1500.0,
        0.0
      ],
      [
        1620.0,
        0.0
      ],
      [
        1680.0,
        0.0
      ],
      [
        1740.0,
        0.0
      ],
      [
        1800.0,
        0.0
      ]
    ],
    "throughput": [
      [
        0,
        0
      ],
      [
        60.0,
        30
      ],
      [
        120.0,
        31
      ],
      [
        180.0,
        35
      ],
      [
        240.0,
        32
      ],
      [
        300.0,
        37
      ],
      [
        360.0,
        37
      ],
      [
        420.0,
        34
      ],
      [
        480.0,
        36
      ],
      [
        540.0,
        36
      ],
      [
        600.0,
        29
      ],
      [
        660.0,
        27
      ],
      [
        720.0,
        44
      ],
      [
        780.0,
        39
      ],
      [
        840.0,
        41
      ],
      [
        900.0,
        29
      ],
      [
        960.0,
        29
      ],
      [
        1020.0,
        28
      ],
      [
        1080.0,
        31
      ],
      [
        1140.0,
        34
      ],
      [
        1200.0,
        38
      ],
      [
        1260.0,
        36
      ],
      [
        1320.0,
        31
      ],
      [
        1380.0,
        34
      ],
      [
        1440.0,
        26
      ],
      [
        1500.0,
        33
      ],
      [
        1560.0,
        33
      ],
      [
        1620.0,
        31
      ],
      [
        1680.0,
        32
      ],
      [
        1740.0,
        33
      ],
      [
        1800.0,
        32
      ],
      [
        1860.0,
        2
      ],
      [
        1920.0,
        0
      ],
      [
        1980.0,
        0
      ],
      [
        2040.0,
        0
      ],
      [
        2100.0,
        0
      ],
      [
        2160.0,
        0
      ],
      [
        2220.0,
        0
      ],
      [
        2280.0,
        0
      ],
      [
        2340.0,
        0
      ],
      [
        2400.0,
        0
      ],
      [
        2460.0,
        0
      ],
      [
        2520.0,
        0
      ],
      [
        2580.0,
        0
      ],
      [
        2640.0,
        0
      ],
      [
        2700.0,
        0
      ],
      [
        2760.0,
        0
      ],
      [
        2820.0,
        0
      ],
      [
        2880.0,
        0
      ],
      [
        2940.0,
        0
      ],
      [
        3000.0,
        0
      ],
      [
        3060.0,
        0
      ],
      [
        3120.0,
        0
      ],
      [
        3180.0,
        0
      ],
      [
        3240.0,
        0
      ],
      [
        3300.0,
        0
      ],
      [
        3360.0,
        0
      ],
      [
        3420.0,
        0
      ],
      [
        3480.0,
        0
      ],
      [
        3540.0,
        0
      ]
    ],